language,filename,blank,comment,code,"http://cloc.sourceforge.net v 1.64  T=0.34 s (111.6 files/s, 6768.9 lines/s)"
C++,.\Game\GameplayState.cpp,36,7,169,
C++,.\Game\Player.cpp,30,4,169,
C++,.\Engine\Window.cpp,27,3,155,
C++,.\Game\Drone.cpp,15,4,101,
C++,.\OpenGL\Shader.cpp,12,6,87,
C++,.\Game\SplashState.cpp,12,0,78,
C/C++ Header,.\Game\PurseCore.hpp,14,5,70,
C++,.\Engine\Engine.cpp,15,0,67,
C++,.\Engine\Logger.cpp,12,2,62,
C++,.\Engine\Matrix.cpp,7,1,62,
C++,.\Engine\DebugRenderer.cpp,9,2,61,
C++,.\Game\PulseGauge.cpp,9,3,56,
C++,.\Game\PurseSource.cpp,9,2,55,
C++,.\Engine\Vec2.cpp,12,5,54,
C++,.\Game\PurseManager.cpp,10,9,46,
C++,.\Engine\GameStateManager.cpp,7,0,45,
C/C++ Header,.\Game\Player.hpp,12,2,44,
C/C++ Header,.\Engine\Window.hpp,17,17,40,
C/C++ Header,.\Engine\Vec2.hpp,12,3,38,
C++,.\Game\DroneManager.cpp,6,0,36,
C/C++ Header,.\Game\GameplayState.hpp,2,0,33,
C/C++ Header,.\Engine\Logger.hpp,8,8,28,
C/C++ Header,.\Game\Drone.hpp,7,1,25,
C/C++ Header,.\Engine\Engine.hpp,4,0,25,
C/C++ Header,.\Engine\GameStateManager.hpp,3,0,21,
C/C++ Header,.\Game\PulseSource.hpp,8,3,21,
C/C++ Header,.\Game\SplashState.hpp,2,0,20,
C++,.\CS200\RenderingAPI.cpp,3,4,19,
C/C++ Header,.\Engine\Matrix.hpp,4,2,18,
C/C++ Header,.\Game\PulseGauge.hpp,7,5,17,
C/C++ Header,.\Engine\DebugRenderer.hpp,7,0,16,
C/C++ Header,.\Game\DroneManager.hpp,4,1,16,
C/C++ Header,.\CS200\RGBA.hpp,2,1,16,
C++,.\main.cpp,4,3,15,
C/C++ Header,.\OpenGL\Shader.hpp,5,6,14,
C/C++ Header,.\CS200\RenderingAPI.hpp,4,3,12,
C/C++ Header,.\Engine\GameState.hpp,2,0,10,
C/C++ Header,.\Game\PulseManager.hpp,2,1,9,
